{
  "strategy": {
    "N_days": 2681,
    "AnnVol": 0.19635361155363923,
    "Sharpe": 0.6699811246507321,
    "Sortino": 0.7570242847628815,
    "CAGR": 0.11884247691604588,
    "MaxDD": -0.2916448480419296,
    "Calmar": 0.40749040387286384,
    "TuW_days": 625,
    "Turnover_daily": 0.02349869451697128,
    "Turnover_annual": 5.921671018276762
  },
  "benchmark_SPY": {
    "N_days": 2681,
    "AnnVol": 0.17954416925296512,
    "Sharpe": 0.783482995723613,
    "Sortino": 0.9546125371597531,
    "CAGR": 0.13256142103900181,
    "MaxDD": -0.33717270159546064
  }
}