{
  "strategy": {
    "N_days": 2681,
    "AnnVol": 0.1963535021413222,
    "Sharpe": 0.6699812941636779,
    "Sortino": 0.757025009845872,
    "CAGR": 0.11884245613891453,
    "MaxDD": -0.29164484765401855,
    "Calmar": 0.4074903331736504,
    "TuW_days": 625,
    "Turnover_daily": 0.02349869451697128,
    "Turnover_annual": 5.921671018276762
  },
  "benchmark_SPY": {
    "N_days": 2681,
    "AnnVol": 0.179544196858865,
    "Sharpe": 0.7834827650047443,
    "Sortino": 0.9546126634037191,
    "CAGR": 0.1325613926355924,
    "MaxDD": -0.3371727994644609
  }
}